{
  "phase": 69,
  "name": "integrated_information",
  "results": {
    "MIN": {
      "avg_phi": 0.3483,
      "detail": {
        "phi": 0.30126955714393505,
        "whole_entropy": -0.27347230911254883,
        "part_entropies": [
          -0.10457175225019455,
          0.1898522675037384,
          0.008147143758833408,
          -1.18731689453125
        ],
        "correlations": [
          0.31406451496894927,
          0.28636967333514474,
          0.24991398467460743,
          0.323599986597285,
          0.005127487008726509,
          0.6285416962788973
        ]
      }
    },
    "MAX": {
      "avg_phi": 0.7155,
      "detail": {
        "phi": 0.6968751290881307,
        "whole_entropy": -1.8738290071487427,
        "part_entropies": [
          -1.329773187637329,
          -1.5089292526245117,
          -2.004014253616333,
          -2.652599334716797
        ],
        "correlations": [
          0.7852053555158569,
          0.6239166609311798,
          0.46299000214067765,
          0.8381851905711549,
          0.6654296826690258,
          0.805523882700889
        ]
      }
    },
    "NOISE": {
      "avg_phi": 0.4066,
      "std": 0.0369
    },
    "ZERO": {
      "avg_phi": 0.4915
    }
  },
  "complexity_phis": {
    "1": 0.4824,
    "2": 0.3463,
    "3": 0.3612,
    "5": 0.3483
  },
  "read_layers": [
    10,
    14,
    18,
    22
  ],
  "elapsed": 91.7
}