{
  "phase": 130,
  "name": "soul_phylogenetic",
  "n_seeds": 10,
  "layer": 8,
  "tasks": [
    "MIN",
    "MAX",
    "ADD",
    "SUB"
  ],
  "within_cosine": {
    "MIN": 0.017036312967368513,
    "MAX": 0.008770374372077382,
    "ADD": 0.0028292732809381063,
    "SUB": 0.03180409829511399
  },
  "cross_cosine": 0.0049,
  "mean_accuracies": {
    "MIN": 0.4333,
    "MAX": 0.5,
    "ADD": 0.0,
    "SUB": 0.0
  },
  "pca_explained_var": [
    0.0671,
    0.0579
  ],
  "elapsed": 2164.1
}