{
  "phase": 51,
  "name": "program_polymorphism",
  "n_variants": 10,
  "results": {
    "MIN": {
      "avg_acc": 1.0,
      "avg_pairwise_sim": 0.0023,
      "std_sim": 0.0746,
      "min_sim": -0.1106,
      "max_sim": 0.1757,
      "sim_matrix": [
        [
          0.9999998807907104,
          0.07391307502985,
          -0.06964665651321411,
          -0.09164004027843475,
          0.008189985528588295,
          -0.018857136368751526,
          0.016029085963964462,
          0.07273371517658234,
          0.043878547847270966,
          -0.05079787224531174
        ],
        [
          0.07391307502985,
          0.9999999403953552,
          0.023494906723499298,
          0.013646891340613365,
          -0.048682764172554016,
          0.04817753657698631,
          -0.05749005451798439,
          -0.0025986917316913605,
          0.0737886130809784,
          -0.09804298728704453
        ],
        [
          -0.06964665651321411,
          0.023494906723499298,
          1.000000238418579,
          0.019288282841444016,
          0.016722749918699265,
          -0.0048139141872525215,
          0.04509592056274414,
          -0.0890471413731575,
          -0.0745232105255127,
          0.16851916909217834
        ],
        [
          -0.09164004027843475,
          0.013646891340613365,
          0.019288282841444016,
          1.0,
          -0.033356424421072006,
          -0.016635823994874954,
          0.10812439024448395,
          -0.0778980702161789,
          -0.029973261058330536,
          0.1757158637046814
        ],
        [
          0.008189985528588295,
          -0.048682764172554016,
          0.016722749918699265,
          -0.033356424421072006,
          0.9999998807907104,
          0.006952324882149696,
          0.02982734516263008,
          -0.016394387930631638,
          -0.10738431662321091,
          0.10501080751419067
        ],
        [
          -0.018857136368751526,
          0.04817753657698631,
          -0.0048139141872525215,
          -0.016635823994874954,
          0.006952324882149696,
          0.9999998807907104,
          -0.09861640632152557,
          -0.050049372017383575,
          0.04372453689575195,
          0.053915124386548996
        ],
        [
          0.016029085963964462,
          -0.05749005451798439,
          0.04509592056274414,
          0.10812439024448395,
          0.02982734516263008,
          -0.09861640632152557,
          0.9999999403953552,
          0.01683920994400978,
          -0.11056537926197052,
          0.15527167916297913
        ],
        [
          0.07273371517658234,
          -0.0025986917316913605,
          -0.0890471413731575,
          -0.0778980702161789,
          -0.016394387930631638,
          -0.050049372017383575,
          0.01683920994400978,
          1.000000238418579,
          0.10074613988399506,
          -0.06403907388448715
        ],
        [
          0.043878547847270966,
          0.0737886130809784,
          -0.0745232105255127,
          -0.029973261058330536,
          -0.10738431662321091,
          0.04372453689575195,
          -0.11056537926197052,
          0.10074613988399506,
          1.0,
          -0.10314592719078064
        ],
        [
          -0.05079787224531174,
          -0.09804298728704453,
          0.16851916909217834,
          0.1757158637046814,
          0.10501080751419067,
          0.053915124386548996,
          0.15527167916297913,
          -0.06403907388448715,
          -0.10314592719078064,
          1.0000001192092896
        ]
      ]
    },
    "MAX": {
      "avg_acc": 1.0,
      "avg_pairwise_sim": -0.0122,
      "std_sim": 0.0695,
      "min_sim": -0.1817,
      "max_sim": 0.1783,
      "sim_matrix": [
        [
          1.0,
          0.03164930269122124,
          -0.03516038507223129,
          -0.015337575227022171,
          0.031440481543540955,
          -0.03832869976758957,
          -0.05935438722372055,
          -0.0025985389947891235,
          -0.05067366361618042,
          0.0369366854429245
        ],
        [
          0.03164930269122124,
          1.0,
          0.1782640516757965,
          -0.1816815435886383,
          -0.013141250237822533,
          0.09783846139907837,
          -0.016926240175962448,
          -0.006107077933847904,
          -0.01728549599647522,
          -0.032762933522462845
        ],
        [
          -0.03516038507223129,
          0.1782640516757965,
          1.0,
          -0.07033784687519073,
          0.023011989891529083,
          0.04762096330523491,
          0.04777131974697113,
          0.09167244285345078,
          -0.11135904490947723,
          -0.10065323114395142
        ],
        [
          -0.015337575227022171,
          -0.1816815435886383,
          -0.07033784687519073,
          0.9999998807907104,
          -0.02614140510559082,
          -0.10358381271362305,
          0.04739983379840851,
          -0.09430728852748871,
          -0.0066322507336735725,
          0.044073253870010376
        ],
        [
          0.031440481543540955,
          -0.013141250237822533,
          0.023011989891529083,
          -0.02614140510559082,
          0.9999998807907104,
          0.033532626926898956,
          0.0793406143784523,
          -0.03629767894744873,
          -0.0944003239274025,
          -0.00010006129741668701
        ],
        [
          -0.03832869976758957,
          0.09783846139907837,
          0.04762096330523491,
          -0.10358381271362305,
          0.033532626926898956,
          1.000000238418579,
          -0.06763363629579544,
          -0.0578937865793705,
          -0.07823846489191055,
          -0.11194081604480743
        ],
        [
          -0.05935438722372055,
          -0.016926240175962448,
          0.04777131974697113,
          0.04739983379840851,
          0.0793406143784523,
          -0.06763363629579544,
          0.9999999403953552,
          -0.0449986457824707,
          -0.04642574489116669,
          -0.01729671098291874
        ],
        [
          -0.0025985389947891235,
          -0.006107077933847904,
          0.09167244285345078,
          -0.09430728852748871,
          -0.03629767894744873,
          -0.0578937865793705,
          -0.0449986457824707,
          1.000000238418579,
          -0.0067029111087322235,
          0.10264851152896881
        ],
        [
          -0.05067366361618042,
          -0.01728549599647522,
          -0.11135904490947723,
          -0.0066322507336735725,
          -0.0944003239274025,
          -0.07823846489191055,
          -0.04642574489116669,
          -0.0067029111087322235,
          0.9999998211860657,
          0.10366058349609375
        ],
        [
          0.0369366854429245,
          -0.032762933522462845,
          -0.10065323114395142,
          0.044073253870010376,
          -0.00010006129741668701,
          -0.11194081604480743,
          -0.01729671098291874,
          0.10264851152896881,
          0.10366058349609375,
          1.000000238418579
        ]
      ]
    }
  },
  "elapsed": 546.6
}