{
  "phase": 62,
  "name": "dream_compilation",
  "n_dreams": 20,
  "n_clusters": 4,
  "dream_results": {
    "cluster_0": [
      "the",
      "2",
      "the",
      "4"
    ],
    "cluster_1": [
      "3",
      "5",
      "8",
      ""
    ],
    "cluster_2": [
      "the",
      "5",
      "8",
      "6"
    ],
    "cluster_3": [
      "3",
      "5",
      "8",
      ","
    ]
  },
  "function_matches": {
    "cluster_0": {
      "best_function": "MIN",
      "match_rate": 0.5,
      "predictions": [
        "the",
        "2",
        "the",
        "4"
      ]
    },
    "cluster_1": {
      "best_function": "FIRST",
      "match_rate": 0.75,
      "predictions": [
        "3",
        "5",
        "8",
        ""
      ]
    },
    "cluster_2": {
      "best_function": "MAX",
      "match_rate": 0.75,
      "predictions": [
        "the",
        "5",
        "8",
        "6"
      ]
    },
    "cluster_3": {
      "best_function": "FIRST",
      "match_rate": 0.75,
      "predictions": [
        "3",
        "5",
        "8",
        ","
      ]
    }
  },
  "centroid_sim_matrix": [
    [
      0.9999997615814209,
      0.6846420168876648,
      0.337197482585907,
      0.6832205057144165
    ],
    [
      0.6846420168876648,
      0.9999998807907104,
      0.25666284561157227,
      0.6758279204368591
    ],
    [
      0.337197482585907,
      0.25666284561157227,
      1.000000238418579,
      0.2599599361419678
    ],
    [
      0.6832205057144165,
      0.6758279204368591,
      0.2599599361419678,
      0.9999999403953552
    ]
  ],
  "cluster_sizes": [
    8,
    6,
    1,
    5
  ],
  "elapsed": 10.1
}