{
  "phase": 20,
  "name": "register_transfer",
  "opcode_transfer": {
    "sub_baseline": 0.9,
    "still_sub_after_inject": 0.9,
    "switched_to_add": 0.0
  },
  "min_takeover": 0.9,
  "similarity_L0": [
    [
      1.0000001192092896,
      0.9971733093261719,
      0.9926179647445679,
      0.9924730658531189
    ],
    [
      0.9971733093261719,
      0.9999997019767761,
      0.99159836769104,
      0.9915704727172852
    ],
    [
      0.9926179647445679,
      0.99159836769104,
      1.000000238418579,
      0.9999744892120361
    ],
    [
      0.9924730658531189,
      0.9915704727172852,
      0.9999744892120361,
      1.0
    ]
  ],
  "tasks": [
    "add",
    "sub",
    "max",
    "min"
  ],
  "elapsed": 12.9
}