{
  "phase": 146,
  "name": "hardware_proprioception",
  "ground_truth": {
    "hidden_size": 896,
    "num_layers": 24,
    "vocab_size": 151936,
    "total_params": 494032768
  },
  "diagnosis": {
    "hidden_size": {
      "predicted": 896,
      "actual": 896,
      "correct": true,
      "raw": -0.015790056437253952
    },
    "num_layers": {
      "predicted": 24,
      "actual": 24,
      "correct": true,
      "raw": 0.01509670726954937
    },
    "vocab_size": {
      "predicted": 151936,
      "actual": 151936,
      "correct": true,
      "raw": 0.6042250394821167
    },
    "model_size": {
      "predicted": "0.5B",
      "actual": "0.5B",
      "correct": true,
      "raw": -0.006721410434693098
    }
  },
  "diagnosis_accuracy": 1.0,
  "fingerprint_stability": {
    "mean_cosine": 0.991461,
    "min_cosine": 0.959233,
    "std_cosine": 0.007607
  },
  "perturbation_robustness": {
    "0.0": {
      "accuracy": 1.0,
      "raw_predictions": [
        -0.015790056437253952,
        0.01509670726954937,
        0.6042250394821167,
        -0.006721410434693098
      ]
    },
    "0.1": {
      "accuracy": 0.5,
      "raw_predictions": [
        390108.125,
        -493237.34375,
        7437104.0,
        211090.46875
      ]
    },
    "0.2": {
      "accuracy": 0.5,
      "raw_predictions": [
        587029.9375,
        -797904.5625,
        11392565.0,
        367726.0
      ]
    },
    "0.5": {
      "accuracy": 0.75,
      "raw_predictions": [
        1354234.125,
        -815403.5,
        20948528.0,
        -475210.90625
      ]
    },
    "1.0": {
      "accuracy": 0.5,
      "raw_predictions": [
        4418592.0,
        -6460559.0,
        84721568.0,
        3063822.75
      ]
    },
    "2.0": {
      "accuracy": 0.5,
      "raw_predictions": [
        3864308.0,
        -4608186.0,
        69428352.0,
        1262975.5
      ]
    }
  },
  "avg_layer_stats": {
    "stat_names": [
      "l2_norm",
      "attention_entropy",
      "hidden_variance",
      "mean_activation_mag"
    ],
    "data": [
      [
        5.277653098106384,
        6.775588178634644,
        0.03231849339790642,
        0.11199447512626648
      ],
      [
        8.374108147621154,
        6.60292329788208,
        0.07921382058411837,
        0.17145418412983418
      ],
      [
        9.641500663757324,
        6.602038836479187,
        0.10520347021520138,
        0.21273814961314202
      ],
      [
        11.193603086471558,
        6.283451890945434,
        0.14115822352468968,
        0.24670542106032373
      ],
      [
        12.569239377975464,
        5.770420688390732,
        0.1780769020318985,
        0.2747997246682644
      ],
      [
        13.712428092956543,
        5.444691443443299,
        0.21242632418870927,
        0.2993613161146641
      ],
      [
        14.358596420288086,
        5.567881175875664,
        0.2319294199347496,
        0.3124637439846992
      ],
      [
        15.189686679840088,
        5.592925703525543,
        0.25931004360318183,
        0.33110137581825255
      ],
      [
        15.890032768249512,
        5.182072329521179,
        0.2832570694386959,
        0.34183513969182966
      ],
      [
        16.448939990997314,
        3.809872418642044,
        0.30446282774209976,
        0.33811924159526824
      ],
      [
        16.860098361968994,
        3.6811982333660125,
        0.31901454627513887,
        0.3446533441543579
      ],
      [
        16.593656873703004,
        4.371178048849106,
        0.30920607447624204,
        0.34034308046102524
      ],
      [
        17.474279356002807,
        3.07553194463253,
        0.34235469400882723,
        0.34877534210681915
      ],
      [
        18.544553327560426,
        1.9697766909375787,
        0.38611618876457215,
        0.3595996215939522
      ],
      [
        19.682629585266113,
        1.5477670896798372,
        0.43435782939195633,
        0.38708602637052536
      ],
      [
        21.554068279266357,
        1.4505285296589137,
        0.5204394325613976,
        0.43017797023057935
      ],
      [
        26.602260017395018,
        1.297231696516974,
        0.7932381272315979,
        0.528852890431881
      ],
      [
        31.682033157348634,
        0.6701612164386688,
        1.125478857755661,
        0.6215058490633965
      ],
      [
        36.284124565124515,
        0.3665649470182416,
        1.474994921684265,
        0.7145737022161484
      ],
      [
        42.32172775268555,
        0.302487417586633,
        2.007258141040802,
        0.8319318383932114
      ],
      [
        54.93324089050293,
        0.001031271169745196,
        3.3848100304603577,
        1.0596596330404282
      ],
      [
        72.32365798950195,
        2.0608135855582077e-06,
        5.895748269557953,
        1.204637986421585
      ],
      [
        79.44044494628906,
        2.0608135855582077e-06,
        7.074342155456543,
        1.3880397856235505
      ],
      [
        77.08267955780029,
        0.13159716280897554,
        6.837310266494751,
        1.4938173294067383
      ]
    ]
  },
  "train_loss_final": 9.8e-05,
  "elapsed": 27.4
}