{
  "phase": 40,
  "name": "universal_device_api",
  "devices": [
    "identity",
    "double",
    "complement",
    "clamp5"
  ],
  "zs_results": {
    "identity": {
      "accuracy": 0.8889,
      "predictions": [
        "1",
        "2",
        "3",
        "4",
        "5",
        "6",
        "7",
        "8",
        "1"
      ]
    },
    "double": {
      "accuracy": 0.2222,
      "predictions": [
        "1",
        "2",
        "(",
        "8",
        "5",
        "8",
        "<|endoftext|>",
        "8",
        "9"
      ]
    },
    "complement": {
      "accuracy": 0.6667,
      "predictions": [
        "8",
        "2",
        "6",
        "5",
        "5",
        "3",
        "2",
        "1",
        "1"
      ]
    },
    "clamp5": {
      "accuracy": 0.7778,
      "predictions": [
        "1",
        "2",
        "3",
        "4",
        "5",
        "5",
        "5",
        "4",
        "1"
      ]
    }
  },
  "avg_zero_shot_acc": 0.6389,
  "hyper_losses": [
    0.021447,
    0.002636,
    0.001467,
    0.002296,
    0.001275,
    0.001777,
    0.001191,
    0.000862,
    0.000927,
    0.001671,
    0.000861,
    0.000943,
    0.000845,
    0.001078,
    0.002284,
    0.001734,
    0.001317,
    0.000705,
    0.000647,
    0.001407,
    0.00027,
    0.001408,
    0.000696,
    0.001455,
    0.001849
  ],
  "elapsed": 156.1
}