{
  "phase": 48,
  "name": "neural_hyperthreading",
  "individual_accs": {
    "MIN": 1.0,
    "MAX": 1.0
  },
  "final_orthogonality": 0.006872,
  "loss_history": [
    4.3172,
    1.3319,
    1.4812,
    0.4244,
    0.0865,
    0.4012,
    0.0054,
    0.0046,
    0.0603,
    0.0154,
    0.0265,
    0.0062,
    0.012,
    0.0168,
    0.0308,
    0.0062,
    0.0101,
    0.0191,
    0.034,
    0.0071,
    0.0106,
    0.0218,
    0.0365,
    0.0082,
    0.011,
    0.0246,
    0.0385,
    0.0093,
    0.0112,
    0.0273,
    0.0403,
    0.0104,
    0.0113,
    0.0301,
    0.0417,
    0.012,
    0.0493,
    0.0106,
    0.0117,
    0.0342,
    0.0428,
    0.015,
    0.0506,
    0.0133,
    0.0518,
    0.0141,
    0.0519,
    0.0154,
    0.0518,
    0.0167,
    0.0516,
    0.018,
    0.0513,
    0.0194,
    0.0509,
    0.0208,
    0.0505,
    0.0222,
    0.05,
    0.0237,
    0.0495,
    0.0251,
    0.0488,
    0.0266,
    0.0482,
    0.0281,
    0.0474,
    0.0296,
    0.0466,
    0.0312,
    0.0458,
    0.0328,
    0.0448,
    0.0343,
    0.0439,
    0.036,
    0.0428,
    0.0376,
    0.0417,
    0.0392,
    0.0406,
    0.0409,
    0.0394,
    0.0426,
    0.0381,
    0.0443,
    0.0368,
    0.0461,
    0.0354,
    0.0479,
    0.034,
    0.0496,
    0.0325,
    0.0515,
    0.031,
    0.0533,
    0.0295,
    0.0551,
    0.0279,
    0.057,
    0.0262,
    0.0589,
    0.0245,
    0.0608,
    0.0228,
    0.0627,
    0.0211,
    0.0646,
    0.0193,
    0.0665,
    0.0174,
    0.0685,
    0.0156,
    0.0705,
    0.0144,
    0.0171,
    0.0485,
    0.0596,
    0.0169,
    0.0171,
    0.0474,
    0.0621,
    0.0155,
    0.0188,
    0.0449,
    0.0653,
    0.0139,
    0.0207,
    0.0422,
    0.0685,
    0.0121,
    0.0227,
    0.0394,
    0.0718,
    0.0103,
    0.0246,
    0.0365,
    0.0751,
    0.006,
    0.0126,
    0.0159,
    0.0207,
    0.0608,
    0.0456,
    0.0368,
    0.0542,
    0.034,
    0.0545,
    0.0345,
    0.0532
  ],
  "ortho_history": [
    0.009525,
    0.002709,
    0.002046,
    0.002236,
    0.002807,
    0.000732,
    0.001295,
    5.6e-05,
    0.003108,
    0.000522,
    0.005862,
    0.001884,
    0.00304,
    0.00077,
    0.006999,
    0.002235,
    0.00347,
    0.000672,
    0.007668,
    0.002222,
    0.004162,
    0.000381,
    0.008112,
    0.002094,
    0.004888,
    3.2e-05,
    0.008432,
    0.001898,
    0.005635,
    0.000364,
    0.008645,
    0.001638,
    0.006407,
    0.000809,
    0.008757,
    0.00452,
    0.010746,
    0.001769,
    0.007485,
    0.001642,
    0.008582,
    0.003975,
    0.010628,
    0.004517,
    0.010768,
    0.00433,
    0.010604,
    0.004011,
    0.010368,
    0.003654,
    0.0101,
    0.003278,
    0.009809,
    0.002887,
    0.009498,
    0.002481,
    0.009168,
    0.002063,
    0.008819,
    0.00163,
    0.008451,
    0.001184,
    0.008063,
    0.000724,
    0.007657,
    0.00025,
    0.007231,
    0.000238,
    0.006786,
    0.000739,
    0.006322,
    0.001255,
    0.005839,
    0.001785,
    0.005337,
    0.002329,
    0.004817,
    0.002886,
    0.004278,
    0.003457,
    0.003721,
    0.004042,
    0.003146,
    0.004639,
    0.002554,
    0.00525,
    0.001945,
    0.005873,
    0.001319,
    0.006509,
    0.000676,
    0.007156,
    1.8e-05,
    0.007815,
    0.000655,
    0.008485,
    0.001343,
    0.009165,
    0.002045,
    0.009856,
    0.002761,
    0.010556,
    0.003489,
    0.011266,
    0.004231,
    0.011985,
    0.004984,
    0.012712,
    0.00575,
    0.013448,
    0.006526,
    0.014191,
    0.007314,
    0.014942,
    0.003141,
    0.011358,
    0.001725,
    0.012071,
    0.002591,
    0.011146,
    0.000953,
    0.013065,
    0.003696,
    0.010167,
    0.000203,
    0.014257,
    0.004928,
    0.009098,
    0.001422,
    0.015485,
    0.006198,
    0.007989,
    0.002676,
    0.01673,
    0.007497,
    0.006847,
    0.003959,
    0.017991,
    0.00115,
    0.00767,
    0.011777,
    0.013485,
    0.006679,
    0.005312,
    7.8e-05,
    0.007582,
    0.000717,
    0.007444,
    0.000376,
    0.006872
  ],
  "elapsed": 101.8
}